{"VP_interface_version": 1, "description": {"action": {"category": "Struct", "fields": [{"name": "V_Acid_Open_Vlv", "type": {"category": "Number", "comment": "VP Link analog tag (0.0,100.0), Eu=%;", "defaultValue": "", "start": "0.0", "step": null, "stop": "100.0", "values": []}}, {"name": "V_Base_Open_Vlv", "type": {"category": "Number", "comment": "VP Link analog tag (0.0,100.0), Eu=%;", "defaultValue": "", "start": "0.0", "step": null, "stop": "100.0", "values": []}}, {"name": "LvlFermenter_SP", "type": {"category": "Number", "comment": "VP Link analog tag (0.0,2000.0), EU=l; Setpoint for Level in the Fermenter (normally 300)", "defaultValue": "", "start": "0.0", "step": null, "stop": "2000.0", "values": []}}, {"name": "FlowSetPoint", "type": {"category": "Number", "comment": "VP Link analog tag (0.0,130.0), EU=l/min;", "defaultValue": "", "start": "0.0", "step": null, "stop": "130.0", "values": []}}, {"name": "TempCWSetPoint", "type": {"category": "Number", "comment": "VP Link analog tag (0.0,200.0), Eu=\u00b0F;", "defaultValue": "", "start": "0.0", "step": null, "stop": "200.0", "values": []}}, {"name": "TempSetPoint", "type": {"category": "Number", "comment": "VP Link analog tag (0.0,200.0), Eu=\u00b0F;", "defaultValue": "", "start": "0.0", "step": null, "stop": "200.0", "values": []}}]}, "config": {"category": "Struct", "fields": [{"name": "_configNumber", "type": {"category": "Number", "comment": "VP Link configuration (deprecated); Built from CreateBonsaiInterface v0.9.1", "defaultValue": 1.0, "start": null, "step": null, "stop": null, "values": []}}, {"name": "_initialConditions", "type": {"category": "String", "comment": "Name of VP Link .icf file to load at start of episode. Available files are ['Magic_pH_Control.icf', 'PasteurizationStartup.icf', 'ReactorOperation.icf', 'ReactorStartup.icf']", "defaultValue": "", "start": null, "step": null, "stop": null, "values": []}}, {"name": "_timeStep", "type": {"category": "Number", "comment": "VP Link timestep (secs)", "defaultValue": 1.0, "start": null, "step": null, "stop": null, "values": []}}, {"name": "_reportEvery", "type": {"category": "Number", "comment": "Bonsai timestep (secs)", "defaultValue": 1.0, "start": null, "step": null, "stop": null, "values": []}}, {"name": "LvlFermenter", "type": {"category": "Number", "comment": "VP Link analog tag (0.0,2000.0), Level Tag at press =1.4; lfngen:\\otherusers\\winston\\BugReactor\\BugReactorDD.xls[lfnWDJ]", "defaultValue": null, "start": "0.0", "step": null, "stop": "2000.0", "values": []}}, {"name": "Reactor_Temp", "type": {"category": "Number", "comment": "VP Link analog tag (0.0,212.0), EU=degF; What is Temperature of the reactor", "defaultValue": null, "start": "0.0", "step": null, "stop": "212.0", "values": []}}, {"name": "Reactor_pH", "type": {"category": "Number", "comment": "VP Link analog tag (0.0,14.0), EU=pH; What is pH of the reactor", "defaultValue": null, "start": "0.0", "step": null, "stop": "14.0", "values": []}}, {"name": "Temp_E003_Out", "type": {"category": "Number", "comment": "VP Link analog tag (0.0,300.0), Eu=\u00b0F;", "defaultValue": null, "start": "0.0", "step": null, "stop": "300.0", "values": []}}, {"name": "BugsProdRate", "type": {"category": "Number", "comment": "VP Link analog tag (0.0,1000.0), EU=kg/min; Production rate of bugs", "defaultValue": null, "start": "0.0", "step": null, "stop": "1000.0", "values": []}}, {"name": "FoodFeedRate", "type": {"category": "Number", "comment": "VP Link analog tag (0.0,130.0), EU=l/min; Flow(design=65) from P_Exch_Disch to 1.4 lfngen:\\otherusers\\winston\\BugReactor\\BugReactorDD.xls[lfnWDJ]", "defaultValue": null, "start": "0.0", "step": null, "stop": "130.0", "values": []}}, {"name": "Temp_E001_ShellIn", "type": {"category": "Number", "comment": "VP Link analog tag (0.0,300.0), Eu=\u00b0F;", "defaultValue": null, "start": "0.0", "step": null, "stop": "300.0", "values": []}}]}, "state": {"category": "Struct", "fields": [{"name": "LvlFermenter", "type": {"category": "Number", "comment": "VP Link analog tag (0.0,2000.0), Level Tag at press =1.4; lfngen:\\otherusers\\winston\\BugReactor\\BugReactorDD.xls[lfnWDJ]", "defaultValue": "", "start": "0.0", "step": null, "stop": "2000.0", "values": []}}, {"name": "Reactor_Temp", "type": {"category": "Number", "comment": "VP Link analog tag (0.0,212.0), EU=degF; What is Temperature of the reactor", "defaultValue": "", "start": "0.0", "step": null, "stop": "212.0", "values": []}}, {"name": "Reactor_pH", "type": {"category": "Number", "comment": "VP Link analog tag (0.0,14.0), EU=pH; What is pH of the reactor", "defaultValue": "", "start": "0.0", "step": null, "stop": "14.0", "values": []}}, {"name": "Temp_E003_Out", "type": {"category": "Number", "comment": "VP Link analog tag (0.0,300.0), Eu=\u00b0F;", "defaultValue": "", "start": "0.0", "step": null, "stop": "300.0", "values": []}}, {"name": "BugsProdRate", "type": {"category": "Number", "comment": "VP Link analog tag (0.0,1000.0), EU=kg/min; Production rate of bugs", "defaultValue": "", "start": "0.0", "step": null, "stop": "1000.0", "values": []}}, {"name": "FoodFeedRate", "type": {"category": "Number", "comment": "VP Link analog tag (0.0,130.0), EU=l/min; Flow(design=65) from P_Exch_Disch to 1.4 lfngen:\\otherusers\\winston\\BugReactor\\BugReactorDD.xls[lfnWDJ]", "defaultValue": "", "start": "0.0", "step": null, "stop": "130.0", "values": []}}, {"name": "Temp_E001_ShellIn", "type": {"category": "Array", "comment": "VP Link analog tag (0.0,300.0), Eu=\u00b0F;", "defaultValue": "", "length": 4, "type": {"category": "Number", "start": "0.0", "step": null, "stop": "300.0"}, "values": []}}]}}, "name": "VPLink3", "timeout": 30}
