{"VP_interface_version": 1, "description": {"action": {"category": "Struct", "fields": [{"name": "Reactor_Level_Setpoint_C", "type": {"category": "Number", "comment": "VP Link analog tag (0.0,2000.0), EU=l; Setpoint for Level in the Fermenter (normally 300)", "defaultValue": "", "start": "0.0", "step": null, "stop": "2000.0", "values": []}}, {"name": "Reactor_Level_Setpoint_St", "type": {"category": "Number", "comment": "VP Link analog tag (0.0,2000.0), EU=l; Setpoint for Level in the Fermenter (normally 300)", "defaultValue": "", "start": "0.0", "step": null, "stop": "2000.0", "values": []}}, {"name": "PastLoop_TempSetpoint", "type": {"category": "Number", "comment": "VP Link analog tag (0.0,200.0), Eu=\u00b0F;", "defaultValue": "", "start": "0.0", "step": null, "stop": "200.0", "values": []}}, {"name": "ReactorFoodInlet_PastLoop_TempSetpoint", "type": {"category": "Number", "comment": "VP Link analog tag (0.0,200.0), Eu=\u00b0F;", "defaultValue": "", "start": "0.0", "step": null, "stop": "200.0", "values": []}}, {"name": "Acid_Flow_Vlv", "type": {"category": "Number", "comment": "VP Link analog tag (0.0,100.0), Eu=%;", "defaultValue": "", "start": "0.0", "step": null, "stop": "100.0", "values": []}}, {"name": "Base_Flow_Vlv", "type": {"category": "Number", "comment": "VP Link analog tag (0.0,100.0), Eu=%;", "defaultValue": "", "start": "0.0", "step": null, "stop": "100.0", "values": []}}, {"name": "Air_Blower_Speed", "type": {"category": "Number", "comment": "VP Link analog tag (0.0,100.0), ", "defaultValue": "", "start": "0.0", "step": null, "stop": "100.0", "values": []}}, {"name": "FlowSetPoint_C", "type": {"category": "Number", "comment": "VP Link analog tag (0.0,130.0), EU=l/min;", "defaultValue": "", "start": "0.0", "step": null, "stop": "130.0", "values": []}}, {"name": "FlowSetPoint_St", "type": {"category": "Number", "comment": "VP Link analog tag (10.0,15.0), EU=l/min;", "defaultValue": "", "start": "10.0", "step": null, "stop": "15.0", "values": []}}]}, "config": {"category": "Struct", "fields": [{"name": "_configNumber", "type": {"category": "Number", "comment": "VP Link configuration (deprecated); Built from CreateBonsaiInterface v0.9.1", "defaultValue": 1.0, "start": null, "step": null, "stop": null, "values": []}}, {"name": "_initialConditions", "type": {"category": "String", "comment": "Name of VP Link .icf file to load at start of episode. Available files are []", "defaultValue": "", "start": null, "step": null, "stop": null, "values": []}}, {"name": "_timeStep", "type": {"category": "Number", "comment": "VP Link timestep (secs)", "defaultValue": 1.0, "start": null, "step": null, "stop": null, "values": []}}, {"name": "_reportEvery", "type": {"category": "Number", "comment": "Bonsai timestep (secs)", "defaultValue": 1.0, "start": null, "step": null, "stop": null, "values": []}}, {"name": "Enzyme_Prod_Rate", "type": {"category": "Number", "comment": "VP Link analog tag (0.0,100.0), EU=kg/min; Production rate of Microbes", "defaultValue": null, "start": "0.0", "step": null, "stop": "100.0", "values": []}}, {"name": "LvlFermenter", "type": {"category": "Number", "comment": "VP Link analog tag (0.0,2000.0), Level Tag at press =1.4; lfngen:\\otherusers\\winston\\MicrobeReactor\\MicrobeReactorDD.xls[lfnWDJ]", "defaultValue": null, "start": "0.0", "step": null, "stop": "2000.0", "values": []}}, {"name": "Continuous_Mode", "type": {"category": "Number", "comment": "VP Link digital tag (--,ContinuousMode), ", "defaultValue": null, "start": 0, "step": null, "stop": 1, "values": []}}, {"name": "Past_Startup_Mode", "type": {"category": "Number", "comment": "VP Link digital tag (--,PastStartup), ", "defaultValue": null, "start": 0, "step": null, "stop": 1, "values": []}}, {"name": "Reactor_Startup_Mode", "type": {"category": "Number", "comment": "VP Link digital tag (--,ReactorStartup), ", "defaultValue": null, "start": 0, "step": null, "stop": 1, "values": []}}, {"name": "Continuous_Mode_Button", "type": {"category": "Number", "comment": "VP Link digital tag (--,ContinuousMode), ", "defaultValue": null, "start": 0, "step": null, "stop": 1, "values": []}}, {"name": "Past_Startup_Mode_Button", "type": {"category": "Number", "comment": "VP Link digital tag (--,PastStartup), ", "defaultValue": null, "start": 0, "step": null, "stop": 1, "values": []}}, {"name": "Reactor_Startup_Mode_Button", "type": {"category": "Number", "comment": "VP Link digital tag (--,ReactorStartup), ", "defaultValue": null, "start": 0, "step": null, "stop": 1, "values": []}}, {"name": "Microbes", "type": {"category": "Number", "comment": "VP Link analog tag (0.0,5000.0), EU=kg; Amount of live Microbes (healthy and unhealthy) in the reactor", "defaultValue": null, "start": "0.0", "step": null, "stop": "5000.0", "values": []}}, {"name": "Food", "type": {"category": "Number", "comment": "VP Link analog tag (0.0,2000.0), EU=kg; The amount of food in the reactor", "defaultValue": null, "start": "0.0", "step": null, "stop": "2000.0", "values": []}}, {"name": "Reactor_O2", "type": {"category": "Number", "comment": "VP Link analog tag (0.0,50.0), EU=%; What is the dissolved Oxygen concentration? Target is 17.5%", "defaultValue": null, "start": "0.0", "step": null, "stop": "50.0", "values": []}}, {"name": "Reactor_Temp", "type": {"category": "Number", "comment": "VP Link analog tag (0.0,212.0), EU=degF; What is Temperature of the reactor", "defaultValue": null, "start": "0.0", "step": null, "stop": "212.0", "values": []}}, {"name": "Reactor_pH", "type": {"category": "Number", "comment": "VP Link analog tag (0.0,14.0), EU=pH; What is pH of the reactor", "defaultValue": null, "start": "0.0", "step": null, "stop": "14.0", "values": []}}, {"name": "Temp_E002_FoodIn", "type": {"category": "Number", "comment": "VP Link analog tag (0.0,300.0), Eu=\u00b0F;", "defaultValue": null, "start": "0.0", "step": null, "stop": "300.0", "values": []}}, {"name": "Temp_E003_FoodIn", "type": {"category": "Number", "comment": "VP Link analog tag (0.0,300.0), Eu=\u00b0F;", "defaultValue": null, "start": "0.0", "step": null, "stop": "300.0", "values": []}}, {"name": "Temp_PastLoop_In", "type": {"category": "Number", "comment": "VP Link analog tag (0.0,300.0), Eu=\u00b0F;", "defaultValue": null, "start": "0.0", "step": null, "stop": "300.0", "values": []}}, {"name": "Temp_PastLoop_OUT", "type": {"category": "Number", "comment": "VP Link analog tag (0.0,300.0), Eu=\u00b0F;", "defaultValue": null, "start": "0.0", "step": null, "stop": "300.0", "values": []}}, {"name": "Temp_ReactorFood_In", "type": {"category": "Number", "comment": "VP Link analog tag (0.0,300.0), Eu=\u00b0F;", "defaultValue": null, "start": "0.0", "step": null, "stop": "300.0", "values": []}}]}, "state": {"category": "Struct", "fields": [{"name": "Enzyme_Prod_Rate", "type": {"category": "Array", "comment": "VP Link analog tag (0.0,100.0), EU=kg/min; Production rate of Microbes", "defaultValue": "", "length": 3, "type": {"category": "Number", "start": "0.0", "step": null, "stop": "100.0"}, "values": []}}, {"name": "LvlFermenter", "type": {"category": "Array", "comment": "VP Link analog tag (0.0,2000.0), Level Tag at press =1.4; lfngen:\\otherusers\\winston\\MicrobeReactor\\MicrobeReactorDD.xls[lfnWDJ]", "defaultValue": "", "length": 3, "type": {"category": "Number", "start": "0.0", "step": null, "stop": "2000.0"}, "values": []}}, {"name": "Continuous_Mode", "type": {"category": "Number", "comment": "VP Link digital tag (--,ContinuousMode), ", "defaultValue": "", "start": 0, "step": null, "stop": 1, "values": []}}, {"name": "Past_Startup_Mode", "type": {"category": "Number", "comment": "VP Link digital tag (--,PastStartup), ", "defaultValue": "", "start": 0, "step": null, "stop": 1, "values": []}}, {"name": "Reactor_Startup_Mode", "type": {"category": "Number", "comment": "VP Link digital tag (--,ReactorStartup), ", "defaultValue": "", "start": 0, "step": null, "stop": 1, "values": []}}, {"name": "Continuous_Mode_Button", "type": {"category": "Number", "comment": "VP Link digital tag (--,ContinuousMode), ", "defaultValue": "", "start": 0, "step": null, "stop": 1, "values": []}}, {"name": "Past_Startup_Mode_Button", "type": {"category": "Number", "comment": "VP Link digital tag (--,PastStartup), ", "defaultValue": "", "start": 0, "step": null, "stop": 1, "values": []}}, {"name": "Reactor_Startup_Mode_Button", "type": {"category": "Number", "comment": "VP Link digital tag (--,ReactorStartup), ", "defaultValue": "", "start": 0, "step": null, "stop": 1, "values": []}}, {"name": "Microbes", "type": {"category": "Number", "comment": "VP Link analog tag (0.0,5000.0), EU=kg; Amount of live Microbes (healthy and unhealthy) in the reactor", "defaultValue": "", "start": "0.0", "step": null, "stop": "5000.0", "values": []}}, {"name": "Food", "type": {"category": "Number", "comment": "VP Link analog tag (0.0,2000.0), EU=kg; The amount of food in the reactor", "defaultValue": "", "start": "0.0", "step": null, "stop": "2000.0", "values": []}}, {"name": "Reactor_O2", "type": {"category": "Array", "comment": "VP Link analog tag (0.0,50.0), EU=%; What is the dissolved Oxygen concentration? Target is 17.5%", "defaultValue": "", "length": 3, "type": {"category": "Number", "start": "0.0", "step": null, "stop": "50.0"}, "values": []}}, {"name": "Reactor_Temp", "type": {"category": "Array", "comment": "VP Link analog tag (0.0,212.0), EU=degF; What is Temperature of the reactor", "defaultValue": "", "length": 3, "type": {"category": "Number", "start": "0.0", "step": null, "stop": "212.0"}, "values": []}}, {"name": "Reactor_pH", "type": {"category": "Array", "comment": "VP Link analog tag (0.0,14.0), EU=pH; What is pH of the reactor", "defaultValue": "", "length": 3, "type": {"category": "Number", "start": "0.0", "step": null, "stop": "14.0"}, "values": []}}, {"name": "Temp_E002_FoodIn", "type": {"category": "Array", "comment": "VP Link analog tag (0.0,300.0), Eu=\u00b0F;", "defaultValue": "", "length": 3, "type": {"category": "Number", "start": "0.0", "step": null, "stop": "300.0"}, "values": []}}, {"name": "Temp_E003_FoodIn", "type": {"category": "Array", "comment": "VP Link analog tag (0.0,300.0), Eu=\u00b0F;", "defaultValue": "", "length": 3, "type": {"category": "Number", "start": "0.0", "step": null, "stop": "300.0"}, "values": []}}, {"name": "Temp_PastLoop_In", "type": {"category": "Array", "comment": "VP Link analog tag (0.0,300.0), Eu=\u00b0F;", "defaultValue": "", "length": 3, "type": {"category": "Number", "start": "0.0", "step": null, "stop": "300.0"}, "values": []}}, {"name": "Temp_PastLoop_OUT", "type": {"category": "Array", "comment": "VP Link analog tag (0.0,300.0), Eu=\u00b0F;", "defaultValue": "", "length": 3, "type": {"category": "Number", "start": "0.0", "step": null, "stop": "300.0"}, "values": []}}, {"name": "Temp_ReactorFood_In", "type": {"category": "Array", "comment": "VP Link analog tag (0.0,300.0), Eu=\u00b0F;", "defaultValue": "", "length": 3, "type": {"category": "Number", "start": "0.0", "step": null, "stop": "300.0"}, "values": []}}]}}, "name": "VPLink3", "timeout": 30}
