{"VP_interface_version": 1, "description": {"action": {"category": "Struct", "fields": [{"name": "Pump1Speed", "type": {"category": "Number", "comment": "VP Link analog tag (0.0,100.0), EU=%; Percentage of maximum speed of pump #1", "defaultValue": "", "start": "0.0", "step": null, "stop": "100.0", "values": []}}, {"name": "Pump2Speed", "type": {"category": "Number", "comment": "VP Link analog tag (0.0,100.0), EU=%; Percentage of maximum speed of pump #2", "defaultValue": "", "start": "0.0", "step": null, "stop": "100.0", "values": []}}]}, "config": {"category": "Struct", "fields": [{"name": "_configNumber", "type": {"category": "Number", "comment": "VP Link configuration (deprecated)", "defaultValue": 1.0, "start": null, "step": null, "stop": null, "values": []}}, {"name": "_initialConditions", "type": {"category": "String", "comment": "Name of VP Link .icf file to load at start of episode. Available files are []", "defaultValue": "", "start": null, "step": null, "stop": null, "values": []}}, {"name": "_timeStep", "type": {"category": "Number", "comment": "VP Link timestep (secs)", "defaultValue": 1.0, "start": null, "step": null, "stop": null, "values": []}}, {"name": "_reportEvery", "type": {"category": "Number", "comment": "Bonsai timestep (secs)", "defaultValue": 1.0, "start": null, "step": null, "stop": null, "values": []}}, {"name": "Tank1Volume", "type": {"category": "Number", "comment": "VP Link analog tag (0.0,8835.73), Level Tag at press =14.7; lfngen:\\otherusers\\Winston\\QuadTank\\QuadTank.xlsx[LFNStd]", "defaultValue": null, "start": "0.0", "step": null, "stop": "8835.73", "values": []}}, {"name": "Tank2Volume", "type": {"category": "Number", "comment": "VP Link analog tag (0.0,8835.73), Level Tag at press =14.7; lfngen:\\otherusers\\Winston\\QuadTank\\QuadTank.xlsx[LFNStd]", "defaultValue": null, "start": "0.0", "step": null, "stop": "8835.73", "values": []}}, {"name": "Tank3Volume", "type": {"category": "Number", "comment": "VP Link analog tag (0.0,8835.73), Level Tag at press =14.7; lfngen:\\otherusers\\Winston\\QuadTank\\QuadTank.xlsx[LFNStd]", "defaultValue": null, "start": "0.0", "step": null, "stop": "8835.73", "values": []}}, {"name": "Tank4Volume", "type": {"category": "Number", "comment": "VP Link analog tag (0.0,8835.73), EU=cm3; Level Tag at press =14.7; lfngen:\\otherusers\\Winston\\QuadTank\\QuadTank.xlsx[LFNStd]", "defaultValue": null, "start": "0.0", "step": null, "stop": "8835.73", "values": []}}, {"name": "Tank1_SP", "type": {"category": "Number", "comment": "VP Link analog tag (0.0,100.0), EU=%; Target setpoint for Tank 1", "defaultValue": null, "start": "0.0", "step": null, "stop": "100.0", "values": []}}, {"name": "Tank2_SP", "type": {"category": "Number", "comment": "VP Link analog tag (0.0,100.0), EU=%; Target setpoint for Tank 1", "defaultValue": null, "start": "0.0", "step": null, "stop": "100.0", "values": []}}, {"name": "Gamma1", "type": {"category": "Number", "comment": "VP Link analog tag (0.0,100.0), EU=%; Valve opening from Pump #1 to Tank #1", "defaultValue": null, "start": "0.0", "step": null, "stop": "100.0", "values": []}}, {"name": "Gamma2", "type": {"category": "Number", "comment": "VP Link analog tag (0.0,100.0), EU=%; Valve opening from Pump #2 to Tank #2  In QT5, This value is calculated as GammaSum - Gamma1 when this tag is in Auto", "defaultValue": null, "start": "0.0", "step": null, "stop": "100.0", "values": []}}, {"name": "GammaSum", "type": {"category": "Number", "comment": "VP Link analog tag (0.0,200.0), EU=%; Sum of the percentages of Gamma1 and Gamma2 (note max is 200)", "defaultValue": null, "start": "0.0", "step": null, "stop": "200.0", "values": []}}]}, "state": {"category": "Struct", "fields": [{"name": "Tank1Volume", "type": {"category": "Array", "comment": "VP Link analog tag (0.0,8835.73), Level Tag at press =14.7; lfngen:\\otherusers\\Winston\\QuadTank\\QuadTank.xlsx[LFNStd]", "defaultValue": "", "length": 2, "start": null, "step": null, "stop": null, "type": {"category": "Number"}, "values": []}}, {"name": "Tank2Volume", "type": {"category": "Array", "comment": "VP Link analog tag (0.0,8835.73), Level Tag at press =14.7; lfngen:\\otherusers\\Winston\\QuadTank\\QuadTank.xlsx[LFNStd]", "defaultValue": "", "length": 2, "start": null, "step": null, "stop": null, "type": {"category": "Number"}, "values": []}}, {"name": "Tank3Volume", "type": {"category": "Number", "comment": "VP Link analog tag (0.0,8835.73), Level Tag at press =14.7; lfngen:\\otherusers\\Winston\\QuadTank\\QuadTank.xlsx[LFNStd]", "defaultValue": "", "start": null, "step": null, "stop": null, "values": []}}, {"name": "Tank4Volume", "type": {"category": "Number", "comment": "VP Link analog tag (0.0,8835.73), EU=cm3; Level Tag at press =14.7; lfngen:\\otherusers\\Winston\\QuadTank\\QuadTank.xlsx[LFNStd]", "defaultValue": "", "start": null, "step": null, "stop": null, "values": []}}, {"name": "Tank1_SP", "type": {"category": "Number", "comment": "VP Link analog tag (0.0,100.0), EU=%; Target setpoint for Tank 1", "defaultValue": "", "start": null, "step": null, "stop": null, "values": []}}, {"name": "Tank2_SP", "type": {"category": "Number", "comment": "VP Link analog tag (0.0,100.0), EU=%; Target setpoint for Tank 1", "defaultValue": "", "start": null, "step": null, "stop": null, "values": []}}, {"name": "Gamma1", "type": {"category": "Number", "comment": "VP Link analog tag (0.0,100.0), EU=%; Valve opening from Pump #1 to Tank #1", "defaultValue": "", "start": null, "step": null, "stop": null, "values": []}}, {"name": "Gamma2", "type": {"category": "Number", "comment": "VP Link analog tag (0.0,100.0), EU=%; Valve opening from Pump #2 to Tank #2  In QT5, This value is calculated as GammaSum - Gamma1 when this tag is in Auto", "defaultValue": "", "start": null, "step": null, "stop": null, "values": []}}, {"name": "GammaSum", "type": {"category": "Number", "comment": "VP Link analog tag (0.0,200.0), EU=%; Sum of the percentages of Gamma1 and Gamma2 (note max is 200)", "defaultValue": "", "start": null, "step": null, "stop": null, "values": []}}]}}, "name": "VPLink3", "timeout": 30}
