{"VP_interface_version": 1, "description": {"action": {"category": "Struct", "fields": [{"name": "Action_05", "type": {"category": "Number", "comment": "VP Link analog tag (0.0,100.0), Brain Output for a Valve on Stream 05", "defaultValue": "", "start": "0.0", "step": null, "stop": "100.0", "values": []}}, {"name": "Action_12", "type": {"category": "Number", "comment": "VP Link analog tag (0.0,100.0), Brain Output for a Valve on Stream 12", "defaultValue": "", "start": "0.0", "step": null, "stop": "100.0", "values": []}}, {"name": "Action_04", "type": {"category": "Number", "comment": "VP Link analog tag (0.0,100.0), Brain Output for a Valve on Stream 04", "defaultValue": "", "start": "0.0", "step": null, "stop": "100.0", "values": []}}, {"name": "Action_01", "type": {"category": "Number", "comment": "VP Link analog tag (0.0,100.0), Brain Output for a Valve on Stream 01", "defaultValue": "", "start": "0.0", "step": null, "stop": "100.0", "values": []}}, {"name": "Action_11", "type": {"category": "Number", "comment": "VP Link analog tag (0.0,100.0), Brain Output for a Valve on Stream 11", "defaultValue": "", "start": "0.0", "step": null, "stop": "100.0", "values": []}}, {"name": "Action_08", "type": {"category": "Number", "comment": "VP Link analog tag (0.0,100.0), Brain Output for a Valve on Stream 08", "defaultValue": "", "start": "0.0", "step": null, "stop": "100.0", "values": []}}, {"name": "Action_10", "type": {"category": "Number", "comment": "VP Link analog tag (0.0,100.0), Brain Output for a Valve on Stream 10", "defaultValue": "", "start": "0.0", "step": null, "stop": "100.0", "values": []}}, {"name": "Action_09", "type": {"category": "Number", "comment": "VP Link analog tag (0.0,100.0), Brain Output for a Valve on Stream 09", "defaultValue": "", "start": "0.0", "step": null, "stop": "100.0", "values": []}}, {"name": "Action_02", "type": {"category": "Number", "comment": "VP Link analog tag (0.0,100.0), Brain Output for a Valve on Stream 02", "defaultValue": "", "start": "0.0", "step": null, "stop": "100.0", "values": []}}, {"name": "Action_06", "type": {"category": "Number", "comment": "VP Link analog tag (0.0,100.0), Brain Output for a Valve on Stream 06", "defaultValue": "", "start": "0.0", "step": null, "stop": "100.0", "values": []}}, {"name": "Action_03", "type": {"category": "Number", "comment": "VP Link analog tag (0.0,100.0), Brain Output for a Valve on Stream 03", "defaultValue": "", "start": "0.0", "step": null, "stop": "100.0", "values": []}}, {"name": "Action_07", "type": {"category": "Number", "comment": "VP Link analog tag (0.0,100.0), Brain Output for a Valve on Stream 07", "defaultValue": "", "start": "0.0", "step": null, "stop": "100.0", "values": []}}]}, "config": {"category": "Struct", "fields": [{"name": "_initialConditions", "type": {"category": "String", "comment": "Name of VP Link .icf file to load at start of episode. Available files are ['FlowOptimizer_Base.icf', 'Function_Inverted.icf', 'Function_Linear.icf', 'Function_SingleMax.icf']", "defaultValue": "", "start": null, "step": null, "stop": null, "values": []}}, {"name": "_scenarios", "type": {"category": "String", "comment": "Comma separated list of VP Link .sce file(s) to load at start of episode. Available files are []", "defaultValue": "", "start": null, "step": null, "stop": null, "values": []}}, {"name": "_timeStep", "type": {"category": "Number", "comment": "VP Link timestep (secs)", "defaultValue": 1.0, "start": null, "step": null, "stop": null, "values": []}}, {"name": "_reportEvery", "type": {"category": "Number", "comment": "Bonsai timestep (secs, 0 < x <= 3E6)", "defaultValue": 1.0, "start": null, "step": null, "stop": null, "values": []}}, {"name": "OverallValue", "type": {"category": "Number", "comment": "VP Link analog tag (-20000.0,20000.0), EU=$/min; Sum of all Stream Values", "defaultValue": null, "start": "-20000.0", "step": null, "stop": "20000.0", "values": []}}]}, "state": {"category": "Struct", "fields": [{"name": "OverallValue", "type": {"category": "Number", "comment": "VP Link analog tag (-20000.0,20000.0), EU=$/min; Sum of all Stream Values", "defaultValue": "", "start": "-20000.0", "step": null, "stop": "20000.0", "values": []}}]}}, "name": "VPLink3", "timeout": 30}
