{"VP_interface_version": 1, "description": {"action": {"category": "Struct", "fields": [{"name": "FY100", "type": {"category": "Number", "comment": "VP Link analog tag (0.0,100.0), Control Valve Position (normally ANLIN)", "defaultValue": "", "start": "0.0", "step": null, "stop": "100.0", "values": []}}]}, "config": {"category": "Struct", "fields": [{"name": "_configNumber", "type": {"category": "Number", "comment": "VP Link configuration (deprecated); Built from CreateBonsaiInterface v0.9.1", "defaultValue": 1.0, "start": null, "step": null, "stop": null, "values": []}}, {"name": "_initialConditions", "type": {"category": "String", "comment": "Name of VP Link .icf file to load at start of episode. Available files are []", "defaultValue": "", "start": null, "step": null, "stop": null, "values": []}}, {"name": "_timeStep", "type": {"category": "Number", "comment": "VP Link timestep (secs)", "defaultValue": 1.0, "start": null, "step": null, "stop": null, "values": []}}, {"name": "_reportEvery", "type": {"category": "Number", "comment": "Bonsai timestep (secs)", "defaultValue": 1.0, "start": null, "step": null, "stop": null, "values": []}}, {"name": "LI100", "type": {"category": "Number", "comment": "VP Link analog tag (0.0,100.0), EU=%, Tank Level", "defaultValue": null, "start": "0.0", "step": null, "stop": "100.0", "values": []}}, {"name": "LI100_SP", "type": {"category": "Number", "comment": "VP Link analog tag (0.0,100.0), EU=%, Tank Level Setpoint", "defaultValue": null, "start": "0.0", "step": null, "stop": "100.0", "values": []}}]}, "state": {"category": "Struct", "fields": [{"name": "LI100", "type": {"category": "Number", "comment": "VP Link analog tag (0.0,100.0), EU=%, Tank Level", "defaultValue": "", "start": "0.0", "step": null, "stop": "100.0", "values": []}}, {"name": "LI100_SP", "type": {"category": "Number", "comment": "VP Link analog tag (0.0,100.0), EU=%, Tank Level Setpoint", "defaultValue": "", "start": "0.0", "step": null, "stop": "100.0", "values": []}}]}}, "name": "VPLink3", "timeout": 30}
