{"VP_interface_version": 1, "description": {"action": {"category": "Struct", "fields": [{"name": "engine1", "type": {"category": "Number", "comment": "VP Link analog tag (0.0,1.0), Thrust from the vertical engine, scaled to match 2 Gs with a 100kg lander.", "defaultValue": "", "start": "0.0", "step": null, "stop": "1.0", "values": []}}, {"name": "engine2", "type": {"category": "Number", "comment": "VP Link analog tag (-1.0,1.0), Net thrust from the horizontal engines.", "defaultValue": "", "start": "-1.0", "step": null, "stop": "1.0", "values": []}}]}, "config": {"category": "Struct", "fields": [{"name": "_initialConditions", "type": {"category": "String", "comment": "Name of VP Link .icf file to load at start of episode. Available files are []", "defaultValue": "", "start": null, "step": null, "stop": null, "values": []}}, {"name": "_scenarios", "type": {"category": "String", "comment": "Comma separated list of VP Link .sce file(s) to load at start of episode. Available files are []", "defaultValue": "", "start": null, "step": null, "stop": null, "values": []}}, {"name": "_timeStep", "type": {"category": "Number", "comment": "VP Link timestep (secs)", "defaultValue": 1.0, "start": null, "step": null, "stop": null, "values": []}}, {"name": "_reportEvery", "type": {"category": "Number", "comment": "Bonsai timestep (secs, 0 < x <= 3E6)", "defaultValue": 1.0, "start": null, "step": null, "stop": null, "values": []}}, {"name": "fuel", "type": {"category": "Number", "comment": "VP Link analog tag (0.0,200.0), EU=kg;  Amount of fuel left in lander.  1 kg can hover a 100 kg lander for 1 second.", "defaultValue": null, "start": "0.0", "step": null, "stop": "200.0", "values": []}}, {"name": "wind", "type": {"category": "Number", "comment": "VP Link analog tag (-10.0,10.0), EU=m/s;  Speed of the \"wind\", which causes a horizontal force.  The force from the wind is proportional to the wind speed squared", "defaultValue": null, "start": "-10.0", "step": null, "stop": "10.0", "values": []}}, {"name": "x_position", "type": {"category": "Number", "comment": "VP Link analog tag (-50.0,50.0), EU=m; distance left or right of the target", "defaultValue": null, "start": "-50.0", "step": null, "stop": "50.0", "values": []}}, {"name": "x_velocity", "type": {"category": "Number", "comment": "VP Link analog tag (-100.0,100.0), EU=m/s;  Velocity left or right", "defaultValue": null, "start": "-100.0", "step": null, "stop": "100.0", "values": []}}, {"name": "y_position", "type": {"category": "Number", "comment": "VP Link analog tag (0.0,100.0), EU=m; distance above the surface.", "defaultValue": null, "start": "0.0", "step": null, "stop": "100.0", "values": []}}, {"name": "y_velocity", "type": {"category": "Number", "comment": "VP Link analog tag (-100.0,100.0), EU=m/s;  Velocity up (positive) or down", "defaultValue": null, "start": "-100.0", "step": null, "stop": "100.0", "values": []}}]}, "state": {"category": "Struct", "fields": [{"name": "fuel", "type": {"category": "Number", "comment": "VP Link analog tag (0.0,200.0), EU=kg;  Amount of fuel left in lander.  1 kg can hover a 100 kg lander for 1 second.", "defaultValue": "", "start": "0.0", "step": null, "stop": "200.0", "values": []}}, {"name": "wind", "type": {"category": "Number", "comment": "VP Link analog tag (-10.0,10.0), EU=m/s;  Speed of the \"wind\", which causes a horizontal force.  The force from the wind is proportional to the wind speed squared", "defaultValue": "", "start": "-10.0", "step": null, "stop": "10.0", "values": []}}, {"name": "x_position", "type": {"category": "Number", "comment": "VP Link analog tag (-50.0,50.0), EU=m; distance left or right of the target", "defaultValue": "", "start": "-50.0", "step": null, "stop": "50.0", "values": []}}, {"name": "x_velocity", "type": {"category": "Number", "comment": "VP Link analog tag (-100.0,100.0), EU=m/s;  Velocity left or right", "defaultValue": "", "start": "-100.0", "step": null, "stop": "100.0", "values": []}}, {"name": "y_position", "type": {"category": "Number", "comment": "VP Link analog tag (0.0,100.0), EU=m; distance above the surface.", "defaultValue": "", "start": "0.0", "step": null, "stop": "100.0", "values": []}}, {"name": "y_velocity", "type": {"category": "Number", "comment": "VP Link analog tag (-100.0,100.0), EU=m/s;  Velocity up (positive) or down", "defaultValue": "", "start": "-100.0", "step": null, "stop": "100.0", "values": []}}]}}, "name": "VPLink3", "timeout": 30}
