{"VP_interface_version": 1, "description": {"action": {"category": "Struct", "fields": [{"name": "V_React", "type": {"category": "Number", "comment": "VP Link analog tag (0.0,100.0), Eu=%; Valve between P_FCV_US and 1.4 lfngen:LFN-Build-Fermenter.xlsx[LFN]", "defaultValue": "", "start": "0.0", "step": null, "stop": "100.0", "values": []}}, {"name": "V_Sepr", "type": {"category": "Number", "comment": "VP Link analog tag (0.0,100.0), Eu=%; Valve between P_PumpProd_Disch and P_Reactor lfngen:LFN-Build-Fermenter.xlsx[LFN]", "defaultValue": "", "start": "0.0", "step": null, "stop": "100.0", "values": []}}, {"name": "V_Acid_Open_Vlv", "type": {"category": "Number", "comment": "VP Link analog tag (0.0,100.0), Eu=%;", "defaultValue": "", "start": "0.0", "step": null, "stop": "100.0", "values": []}}, {"name": "V_Base_Open_Vlv", "type": {"category": "Number", "comment": "VP Link analog tag (0.0,100.0), Eu=%;", "defaultValue": "", "start": "0.0", "step": null, "stop": "100.0", "values": []}}]}, "config": {"category": "Struct", "fields": [{"name": "_configNumber", "type": {"category": "Number", "comment": "VP Link configuration (deprecated); Built from CreateBonsaiInterface v0.9.1", "defaultValue": 1.0, "start": null, "step": null, "stop": null, "values": []}}, {"name": "_initialConditions", "type": {"category": "String", "comment": "Name of VP Link .icf file to load at start of episode. Available files are []", "defaultValue": "", "start": null, "step": null, "stop": null, "values": []}}, {"name": "_timeStep", "type": {"category": "Number", "comment": "VP Link timestep (secs)", "defaultValue": 1.0, "start": null, "step": null, "stop": null, "values": []}}, {"name": "_reportEvery", "type": {"category": "Number", "comment": "Bonsai timestep (secs)", "defaultValue": 1.0, "start": null, "step": null, "stop": null, "values": []}}, {"name": "LvlFermenter", "type": {"category": "Number", "comment": "VP Link analog tag (0.0,2000.0), EU=l; Volume in the Fermenter", "defaultValue": null, "start": "0.0", "step": null, "stop": "2000.0", "values": []}}, {"name": "Reactor_Temp", "type": {"category": "Number", "comment": "VP Link analog tag (0.0,212.0), EU=degF; What is Temperature of the reactor", "defaultValue": null, "start": "0.0", "step": null, "stop": "212.0", "values": []}}, {"name": "Reactor_pH", "type": {"category": "Number", "comment": "VP Link analog tag (0.0,14.0), EU=pH; What is pH of the reactor", "defaultValue": null, "start": "0.0", "step": null, "stop": "14.0", "values": []}}, {"name": "Temp_E003_Out", "type": {"category": "Number", "comment": "VP Link analog tag (0.0,300.0), Eu=\u00b0F;", "defaultValue": null, "start": "0.0", "step": null, "stop": "300.0", "values": []}}, {"name": "BugsProduced", "type": {"category": "Number", "comment": "VP Link analog tag (0.0,1000.0), EU=kg/min; Production rate of bugs", "defaultValue": null, "start": "0.0", "step": null, "stop": "1000.0", "values": []}}]}, "state": {"category": "Struct", "fields": [{"name": "LvlFermenter", "type": {"category": "Number", "comment": "VP Link analog tag (0.0,2000.0), EU=l; Volume in the Fermenter", "defaultValue": "", "start": "0.0", "step": null, "stop": "2000.0", "values": []}}, {"name": "Reactor_Temp", "type": {"category": "Number", "comment": "VP Link analog tag (0.0,212.0), EU=degF; What is Temperature of the reactor", "defaultValue": "", "start": "0.0", "step": null, "stop": "212.0", "values": []}}, {"name": "Reactor_pH", "type": {"category": "Number", "comment": "VP Link analog tag (0.0,14.0), EU=pH; What is pH of the reactor", "defaultValue": "", "start": "0.0", "step": null, "stop": "14.0", "values": []}}, {"name": "Temp_E003_Out", "type": {"category": "Number", "comment": "VP Link analog tag (0.0,300.0), Eu=\u00b0F;", "defaultValue": "", "start": "0.0", "step": null, "stop": "300.0", "values": []}}, {"name": "BugsProduced", "type": {"category": "Number", "comment": "VP Link analog tag (0.0,1000.0), EU=kg/min; Production rate of bugs", "defaultValue": "", "start": "0.0", "step": null, "stop": "1000.0", "values": []}}]}}, "name": "VPLink3", "timeout": 30}
