{"VP_interface_version": 1, "description": {"action": {"category": "Struct", "fields": [{"name": "HeatIn", "type": {"category": "Number", "comment": "VP Link analog tag (0.0,100.0), Eu=%; Shellside inlet temperature", "defaultValue": "", "start": "0.0", "step": null, "stop": "100.0", "values": []}}]}, "config": {"category": "Struct", "fields": [{"name": "_configNumber", "type": {"category": "Number", "comment": "VP Link configuration (deprecated); Built from CreateBonsaiInterface v0.9.1", "defaultValue": 1.0, "start": null, "step": null, "stop": null, "values": []}}, {"name": "_initialConditions", "type": {"category": "String", "comment": "Name of VP Link .icf file to load at start of episode. Available files are []", "defaultValue": "", "start": null, "step": null, "stop": null, "values": []}}, {"name": "_timeStep", "type": {"category": "Number", "comment": "VP Link timestep (secs)", "defaultValue": 1.0, "start": null, "step": null, "stop": null, "values": []}}, {"name": "_reportEvery", "type": {"category": "Number", "comment": "Bonsai timestep (secs)", "defaultValue": 1.0, "start": null, "step": null, "stop": null, "values": []}}, {"name": "Temp_E002_In", "type": {"category": "Number", "comment": "VP Link analog tag (0.0,300.0), Eu=\u00b0F;", "defaultValue": null, "start": "0.0", "step": null, "stop": "300.0", "values": []}}, {"name": "Temp_E002_Out", "type": {"category": "Number", "comment": "VP Link analog tag (0.0,300.0), Eu=\u00b0F;", "defaultValue": null, "start": "0.0", "step": null, "stop": "300.0", "values": []}}, {"name": "Temp_E001_ShellIn", "type": {"category": "Number", "comment": "VP Link analog tag (0.0,300.0), Eu=\u00b0F;", "defaultValue": null, "start": "0.0", "step": null, "stop": "300.0", "values": []}}, {"name": "F_FoodFlow", "type": {"category": "Number", "comment": "VP Link analog tag (0.0,98.9346), Pump(design=65) from 1.2 to P_Pump_Disch netgen:\\OtherUsers\\Winston\\BugReactor\\BugReactorDD.xls[lfnWDJ]", "defaultValue": null, "start": "0.0", "step": null, "stop": "98.9346", "values": []}}, {"name": "TempSetPoint", "type": {"category": "Number", "comment": "VP Link analog tag (0.0,200.0), Eu=\u00b0F;", "defaultValue": null, "start": "0.0", "step": null, "stop": "200.0", "values": []}}]}, "state": {"category": "Struct", "fields": [{"name": "Temp_E002_In", "type": {"category": "Number", "comment": "VP Link analog tag (0.0,300.0), Eu=\u00b0F;", "defaultValue": "", "start": "0.0", "step": null, "stop": "300.0", "values": []}}, {"name": "Temp_E002_Out", "type": {"category": "Number", "comment": "VP Link analog tag (0.0,300.0), Eu=\u00b0F;", "defaultValue": "", "start": "0.0", "step": null, "stop": "300.0", "values": []}}, {"name": "Temp_E001_ShellIn", "type": {"category": "Array", "comment": "VP Link analog tag (0.0,300.0), Eu=\u00b0F;", "defaultValue": "", "length": 10, "type": {"category": "Number", "start": "0.0", "step": null, "stop": "300.0"}, "values": []}}, {"name": "F_FoodFlow", "type": {"category": "Number", "comment": "VP Link analog tag (0.0,98.9346), Pump(design=65) from 1.2 to P_Pump_Disch netgen:\\OtherUsers\\Winston\\BugReactor\\BugReactorDD.xls[lfnWDJ]", "defaultValue": "", "start": "0.0", "step": null, "stop": "98.9346", "values": []}}, {"name": "TempSetPoint", "type": {"category": "Number", "comment": "VP Link analog tag (0.0,200.0), Eu=\u00b0F;", "defaultValue": "", "start": "0.0", "step": null, "stop": "200.0", "values": []}}]}}, "name": "VPLink3", "timeout": 30}
